loss,iter
0,3.8397597538100348
36,1.523329284456041
72,1.3159684936205547
108,1.2728975713253021
144,1.370130522383584
180,1.3097304585907195
216,1.2745899144146178
252,1.2573680844571855
288,1.2016632755597432
324,1.2727335062291887
360,1.2726373689042196
396,1.2681845890151129
432,1.2628972894615598
468,1.2459654609362285
504,1.2114489144749112
540,1.2434242334630754
576,1.2737155970599916
612,1.229319264491399
648,1.2000478208065033
684,1.2286699579821692
720,1.1908641573455598
756,1.2675568328963385
792,1.1935901360379324
828,1.2447240004936855
864,1.2115797417031393
900,1.178123755587472
936,1.2810515960057576
972,1.2502601361936994
1008,1.2336439722114139
1044,1.2455914699369006
1080,1.1693438506788678
1116,1.229993098311954
1152,1.1539451215002272
1188,1.2153113418155246
1224,1.1819526553153992
1260,1.2344978832536273
1296,1.2526961184210248
1332,1.1665622807211347
1368,1.1736975212891896
1404,1.1671201686064403
1440,1.2056984553734462
1476,1.2017285873492558
1512,1.1463332143094804
1548,1.1957771480083466
1584,1.1493952837255266
1620,1.2132348583804236
1656,1.1693029387129679
1692,1.1511763036251068
1728,1.164057316051589
1764,1.1547778016991086
1800,1.1536832865741518
1836,1.1433675852086809
1872,1.036651497085889
1908,1.0916359855069055
1944,1.1246776382128398
1980,1.1589833050966263
2016,1.0667646659745111
2052,1.0351389331950083
2088,1.0603170891602833
2124,1.0822380400366254
2160,1.103865169816547
2196,1.148642447259691
2232,0.9753661884201897
2268,1.0098747495147917
2304,0.9957406553957198
2340,0.9878431012233099
2376,1.116125343574418
2412,1.0955758276912901
2448,0.9357502063115438
2484,0.9227250383959876
2520,0.9808134486277899
2556,0.8901195310884051
2592,0.8761029773288302
2628,0.8629407170746062
2664,0.9806005143456988
2700,1.003203531106313
2736,0.9187298516432444
2772,0.9470478494962057
2808,0.8897357102897432
2844,0.8451626805795563
2880,0.8818556898170047
2916,0.8395233907633357
2952,0.858203698363569
2988,0.8031962315241495
3024,0.8372193210654788
3060,0.8148617007666163
3096,0.8216272658771939
3132,0.8220530466900932
3168,0.7881914029518763
3204,0.8037484652466245
3240,0.806447678969966
3276,0.7835893995232053
3312,0.8478239360782835
3348,0.8114256511131922
3384,0.7803787092367808
3420,0.7469412171178393
3456,0.7855732060141034
3492,0.7658815317683749
3528,0.7434536789854368
3564,0.7669487562444475
3600,0.7299400236871507
3636,0.7438527469833692
3672,0.7326820873551898
3708,0.7650624381171333
3744,0.7515829818116294
3780,0.7551201217704349
3816,0.7260128582517306
3852,0.7430293195777469
3888,0.7589822825458314
3924,0.7407483342621062
3960,0.7215921406944593
3996,0.7398480806085799
4032,0.7119588553905487
4068,0.7245929679936833
4104,0.7062057728568713
4140,0.7276841708355479
4176,0.7102797635727458
4212,0.7062872697909673
4248,0.7453979278604189
4284,0.7364289777146446
4320,0.7210841294791963
4356,0.7006271423565017
4392,0.6994131017062399
4428,0.7143610028756989
4464,0.7042854171660211
4500,0.695443406701088
4536,0.7258433600266775
4572,0.7243590296970474
4608,0.6900702880488502
4644,0.7091197429431809
4680,0.6918006870481703
4716,0.6737507333358129
4752,0.7117791655990813
4788,0.6809042079581155
4824,0.6823094718986087
4860,0.6577273913555675
4896,0.6682597622275352
4932,0.698666636314657
4968,0.681135695013735
5004,0.6945904956923591
5040,0.6785471480753686
5076,0.667760916882091
5112,0.6678025441037284
5148,0.6692030587130122
5184,0.6474075168371201
5220,0.6678538603915108
5256,0.6913405218058162
5292,0.6718011101086935
5328,0.6676650262541242
5364,0.708074737754133
5400,0.7273239153954718
5436,0.674252427286572
5472,0.6842576414346695
5508,0.678678446345859
5544,0.6510719226466285
5580,0.6516299024224281
5616,0.6662531917293867
5652,0.6822765353653166
5688,0.652438174519274
5724,0.6324635205997361
5760,0.6522195455100801
5796,0.6254477194613881
5832,0.6443850331836276
5868,0.659038220014837
5904,0.6271430543727345
5940,0.6488322284486558
5976,0.5961211994290352
6012,0.661475147638056
6048,0.6344665255811479
6084,0.6417711310916476
6120,0.6623480137851503
6156,0.6539121543367704
6192,0.6376385647389624
6228,0.6561694004469447
6264,0.6441095545887947
6300,0.6332580952180756
6336,0.6428648663891686
6372,0.6335447546508577
6408,0.610684355099996
6444,0.6030882572134336
6480,0.6395213512910737
6516,0.6412449247307248
6552,0.6365957516762946
6588,0.6525372275047832
6624,0.6815365304549535
6660,0.6805664085679584
6696,0.6473831716510985
6732,0.6989772957232263
6768,0.6452828215228187
6804,0.6527078731192483
6840,0.6293283013833894
6876,0.6413282114598486
6912,0.6171750989225175
6948,0.6458981790476375
6984,0.6245169772042168
7020,0.6326140256391631
7056,0.6198286753561761
7092,0.62449086126354
7128,0.6290048311154047
7164,0.6477511309915118
7200,0.6156065389513969
7236,0.6179474112060335
7272,0.664201144542959
7308,0.6176097037063705
7344,0.6415400215321116
7380,0.6144446805119514
7416,0.5883296479781469
7452,0.6339953160948224
7488,0.6569039672613144
7524,0.6401818841695786
7560,0.6238291925854154
7596,0.628111917939451
7632,0.6204665452241898
7668,0.6104660671618249
7704,0.6170618451303906
7740,0.6261381606260935
7776,0.5968143004510138
7812,0.6496473823984464
7848,0.7640288770198822
7884,0.6617251808444659
7920,0.6357845755087005
7956,0.6233486019902759
7992,0.6446638744738367
8028,0.6543425536817975
8064,0.6003357859121429
8100,0.6257648583915498
8136,0.643086770342456
8172,0.6160653912358813
8208,0.6214534607198503
8244,0.6247059197889434
8280,0.6322055467300944
8316,0.6691946544580989
8352,0.6263810934291946
8388,0.6264539981881777
8424,0.6370114005274243
8460,0.6022649481892586
8496,0.6062507604559263
8532,0.604268402689033
8568,0.6179257788591914
8604,0.587671949631638
8640,0.6168207815951772
8676,0.618781351380878
8712,0.6335409432649612
8748,0.6157775653733147
8784,0.6197922933432791
8820,0.6265388412608041
8856,0.6467434904641576
8892,0.6252036558257209
8928,0.6064576887422137
8964,0.579378536178006
9000,0.6270684111449454
9036,0.5709946619139777
9072,0.6059557439552413
9108,0.6034399527642462
9144,0.6168212650550736
9180,0.6038332093093131
9216,0.5944819500048956
9252,0.6090346483720673
9288,0.6087516082657708
9324,0.6169380123416582
9360,0.6034787711169984
9396,0.6112758500708474
9432,0.6103356836570634
9468,0.583881423705154
9504,0.6133458829588361
9540,0.5965480349130101
9576,0.6236903866132101
9612,0.5970485185583433
9648,0.6189179544647535
9684,0.6272569282187356
9720,0.5998627816637357
9756,0.6044474972618951
9792,0.6114761208494505
9828,0.5898776484860314
9864,0.5748942560619779
9900,0.643101281589932
9936,0.6133051191767057
9972,0.6068378223313226
10008,0.58578679131137
10044,0.5871068272325728
10080,0.5999185459481345
10116,0.5785330815447701
10152,0.5891121253371239
10188,0.6334832236170769
10224,0.6205445172058212
10260,0.5926621398992009
10296,0.5817378204729822
10332,0.6051473609275289
10368,0.5838288209504552
10404,0.5860141995880339
10440,0.6067770429783397
10476,0.585605576634407
10512,0.5941020449002584
10548,0.5908213605483373
10584,0.6061584014031622
10620,0.5969962643252479
10656,0.6291210850079855
10692,0.5762236010697153
10728,0.6077472286091911
10764,0.5954363867640495
10800,0.5759397190478113
10836,0.5650718659162521
10872,0.6017630837029881
10908,0.578461132115788
10944,0.5740896504786279
10980,0.5868224915530946
11016,0.6201696553164058
11052,0.5776620631416639
11088,0.5708489219347636
11124,0.5543157847391235
11160,0.5617619653542837
11196,0.5840027820732858
11232,0.5438076862030559
11268,0.6042520743277338
11304,0.5702235433790419
11340,0.6044223681092262
11376,0.597049435807599
11412,0.5826003733608458
11448,0.5864540388186773
11484,0.5812109005120065
11520,0.6000702107946078
11556,0.5848105831278695
11592,0.5855272279845344
11628,0.561649050977495
11664,0.5617282266418139
11700,0.5980154797434807
11736,0.5472845716608895
11772,0.5759385021196471
11808,0.5749517604708672
11844,0.5549030113551352
11880,0.567226342856884
11916,0.5889045041468408
11952,0.5833235349920061
11988,0.5802717258532842
12024,0.5808486267924309
12060,0.5537037890818384
12096,0.5923932674858305
12132,0.5695977699425485
12168,0.5598643877440028
12204,0.5822806242439482
12240,0.5804304099745221
12276,0.5632558580901887
12312,0.5871544637613826
12348,0.5766508711708916
12384,0.5978647710548507
12420,0.59637494219674
12456,0.5722551188535161
12492,0.5656328565544553
12528,0.5534216148985757
12564,0.5496629931860499
12600,0.5892326384782791
12636,0.5655371381176842
12672,0.5718791882197062
12708,0.5617011653052436
12744,0.5364000325401624
12780,0.5748206269409921
12816,0.5757088578409619
12852,0.5404934717549218
12888,0.5409789623485671
12924,0.5527052142553859
12960,0.558779302570555
12996,0.5723926631940736
13032,0.5807137654887305
13068,0.6023885996805297
13104,0.5890578056375185
13140,0.5317144186960326
13176,0.5373078915807936
13212,0.563722656832801
13248,0.5648392231927978
13284,0.5754537143641048
13320,0.5551704921656184
13356,0.5744242841998736
13392,0.5574167172114054
13428,0.5528168653448423
13464,0.5641132262017992
13500,0.5864273375935025
13536,0.5567364916205406
13572,0.5383873300419914
13608,0.5494273578127226
13644,0.5491667348477576
13680,0.5699294590287738
13716,0.540674707127942
13752,0.5364030980401568
13788,0.5553213291698031
13824,0.547906400428878
13860,0.5760563885172209
13896,0.5685273359219233
13932,0.531897628472911
13968,0.5595246669318941
14004,0.566940478152699
14040,0.5543235730793741
14076,0.5436742761068873
14112,0.5536095938748784
14148,0.5447342677248849
14184,0.5832398939463828
14220,0.551825736131933
14256,0.573440782725811
14292,0.5599821996357706
14328,0.5671029695206218
14364,0.5533190154367023
14400,0.5277593491805924
14436,0.5339345816108916
14472,0.5827567569083638
14508,0.553245479034053
14544,0.5761363067560725
14580,0.5598836027913623
14616,0.5242129721575313
14652,0.5356771498918533
14688,0.5517441729704539
14724,0.5504851647549205
14760,0.537185997598701
14796,0.5519680629173914
14832,0.5476833225952255
14868,0.5478253439068794
14904,0.5309091135859489
14940,0.5457619138889842
14976,0.5548405854238404
15012,0.5514806004034148
15048,0.5639055164323913
15084,0.5375577418340577
15120,0.5573361408379343
15156,0.5458568649159538
15192,0.5367809120151732
15228,0.5365041601989005
15264,0.5384067445993423
15300,0.5590246733691957
15336,0.5505977554453744
15372,0.5423049479722977
15408,0.5640946568714248
15444,0.5524436980485916
15480,0.5730021289653249
15516,0.5354603802164396
15552,0.5340111023849912
15588,0.5608226839039061
15624,0.5358557593491342
15660,0.5709495056006644
15696,0.5219701305031776
15732,0.5224757310416963
15768,0.548662141793304
15804,0.5317604649398062
15840,0.5198080746663941
15876,0.550244700577524
15912,0.51874521209134
15948,0.5668557046188248
15984,0.5103142377403047
16020,0.5348357334733009
16056,0.5242446743779712
16092,0.5513698193762038
16128,0.5676709065834681
16164,0.523980002436373
16200,0.549678907626205
16236,0.5483369612031512
16272,0.5439799932969941
16308,0.5184704868329896
16344,0.5487843470440971
16380,0.5182647969987657
16416,0.5440020660559336
16452,0.5201986597643958
16488,0.538735869858
16524,0.5366280045774248
16560,0.5405259215169482
16596,0.5316789100567499
16632,0.5575695799456702
16668,0.5392794319325023
16704,0.5445179260439343
16740,0.5121179024378458
16776,0.526297476556566
16812,0.544207975268364
16848,0.5240098461508751
16884,0.501285502480136
16920,0.5257020129097832
16956,0.5092634989155663
16992,0.5516290706064966
17028,0.5335136163565848
17064,0.5168108012941148
17100,0.5237882542941306
17136,0.5120361025134722
17172,0.5299949083063338
17208,0.5178380467825465
17244,0.5302650382121404
17280,0.517342677546872
17316,0.5132005222969585
17352,0.5172249418165948
17388,0.5294763743877411
17424,0.5362037585841285
17460,0.5437201220128272
17496,0.5371387228369713
17532,0.5417029062906901
17568,0.5383154443568654
17604,0.5182112091117435
17640,0.5146478538711866
17676,0.5218989393777318
17712,0.5117732683817545
17748,0.5159299141830869
17784,0.5159121313028865
17820,0.5195004459884431
17856,0.5232088416814804
17892,0.5125546380877495
17928,0.5394088559680514
17964,0.5458997587362925
18000,0.5095853548910882
18036,0.5320846289396286
18072,0.5173355208502876
18108,0.5155078197518984
18144,0.4995175028840701
18180,0.48854976147413254
18216,0.49571075869931114
18252,0.5297126513388422
18288,0.5213957139187388
18324,0.5243232233656777
18360,0.5313695735401578
18396,0.5054827216598723
18432,0.5312749213642545
18468,0.5315512319405874
18504,0.5151053393880526
18540,0.5341632746987872
18576,0.5368501717845598
18612,0.5333072054717276
18648,0.547041746477286
18684,0.4958457557691468
18720,0.49836406608422595
18756,0.5250363126397133
18792,0.5089910493956672
18828,0.5028490035070313
18864,0.5388471384843191
18900,0.5073520036207305
18936,0.47951190835899776
18972,0.5294580227798886
19008,0.48125943375958335
19044,0.5016982903083166
19080,0.51967646761073
19116,0.5201698243618011
19152,0.49837811125649345
19188,0.5236868701047368
19224,0.5194753631949425
19260,0.5317040955026945
19296,0.5231798498166932
19332,0.5091046459145017
19368,0.5110472018520037
19404,0.5079488406578699
19440,0.5019752093487315
19476,0.5253427657816145
19512,0.4662329571114646
19548,0.5246195337838597
19584,0.49768153329690296
19620,0.5286044726769129
19656,0.5079648875527911
19692,0.5008777413103316
19728,0.47723940594328773
19764,0.5152608818478055
19800,0.5029185050063663
19836,0.49798132727543515
19872,0.49741655588150024
19908,0.503882374200556
19944,0.5081787390841378
19980,0.5421855308943324
20016,0.516580805182457
20052,0.49232882592413163
20088,0.49309325218200684
20124,0.47933826512760586
20160,0.5157968641983138
20196,0.5130801250537237
20232,0.4939778538213836
20268,0.5016451039248042
20304,0.5089681181642745
20340,0.4880170813865132
20376,0.4926530718803406
20412,0.494011918703715
20448,0.5220337733626366
20484,0.5236610596378645
20520,0.5072982038060824
20556,0.5213608096043268
20592,0.5005334143837293
20628,0.5168756594260534
20664,0.4924512613150809
20700,0.506568136314551
20736,0.5082151169578234
20772,0.5226872083213594
20808,0.5202443194058206
20844,0.468167282640934
20880,0.5161096983485751
20916,0.5262844959894816
20952,0.493986545337571
20988,0.5118454951379035
21024,0.49430835081471336
21060,0.4907124141852061
21096,0.4906975146796968
21132,0.4918354195025232
21168,0.46744603746467167
21204,0.5047644285692109
21240,0.49375765605105293
21276,0.5001499843266275
21312,0.48737893419133294
21348,0.48148533494936097
21384,0.5110214890705215
21420,0.48870237088865703
21456,0.5032364709509743
21492,0.5315652390321096
21528,0.4945961559812228
21564,0.5028091909156905
21600,0.49700870033767486
21636,0.4939571147163709
21672,0.490345786843035
21708,0.5042712655332353
21744,0.4825017179052035
21780,0.46930711881981957
21816,0.457693438563082
21852,0.5001805143223869
21888,0.481497906976276
21924,0.5055237826373842
21960,0.510177825887998
21996,0.507646135158009
22032,0.47402201261785293
22068,0.4792291604810291
22104,0.4743909281161096
22140,0.4793558460142877
22176,0.46250375111897785
22212,0.5094993842972649
22248,0.4991687470012241
22284,0.49413395507468116
22320,0.487666597796811
22356,0.5162517974774042
22392,0.4739311213294665
22428,0.49089295665423077
22464,0.4785510566499498
22500,0.5230811933676401
22536,0.4838646873831749
22572,0.49041219966279137
22608,0.4935444982515441
22644,0.4781471863389015
22680,0.5234532811575465
22716,0.48478682339191437
22752,0.5065461090869374
22788,0.5053057819604874
22824,0.4940398509303729
22860,0.48557712303267586
22896,0.48619523892800015
22932,0.4954432215955522
22968,0.47634199013312656
23004,0.5132511986626519
23040,0.464564753903283
23076,0.5071808613008923
23112,0.5152157950732443
23148,0.4790764989124404
23184,0.4686472879515754
23220,0.45804131693310207
23256,0.4812209920750724
23292,0.4763801296552022
23328,0.4837742754154735
23364,0.49543896069129306
23400,0.4962957948446274
23436,0.47473910119798446
23472,0.4998737730913692
23508,0.47488805651664734
23544,0.49919870413011974
23580,0.46909121258391273
23616,0.4680291074845526
23652,0.5046839747163985
23688,0.4773429325885243
23724,0.45702893866433036
23760,0.479082884060012
23796,0.49294517354832756
23832,0.48175477733214694
23868,0.4749726408885585
23904,0.4676786735653877
23940,0.48937127987543744
23976,0.4764452444182502
24012,0.5011441227462556
24048,0.47235294265879524
24084,0.45578289445903564
24120,0.49240271415975356
24156,0.4703427851200104
24192,0.45837874296638703
24228,0.5251173045900133
24264,0.49831937584612107
24300,0.4889827147126198
24336,0.4733600467443466
24372,0.4821781325671408
24408,0.4957863332496749
24444,0.4568219747808244
24480,0.47647025767299866
24516,0.47840721532702446
24552,0.48400860445366967
24588,0.46174269500705933
24624,0.46212031195561093
24660,0.4955291805995835
24696,0.4887591724594434
24732,0.4645466324355867
24768,0.4829930091897647
24804,0.47941622717512977
24840,0.4699821811583307
24876,0.48130805873208576
24912,0.4856484176384078
24948,0.47126755366722745
24984,0.4592813021606869
25020,0.46646729277239907
25056,0.47930174900425804
25092,0.4542490765452385
25128,0.4982740456859271
25164,0.462761296166314
25200,0.48016660743289524
25236,0.4769260808825493
25272,0.48992882089482415
25308,0.45530276745557785
25344,0.45570897393756443
25380,0.4737767105301221
25416,0.45975591987371445
25452,0.4734087213873863
25488,0.4716763703359498
25524,0.47691001660294
25560,0.47594057934151757
25596,0.4604685919152366
25632,0.4846591634882821
25668,0.4729490387770865
25704,0.48427165548006695
25740,0.46939583867788315
25776,0.46231218179066974
25812,0.491406637761328
25848,0.4657307465871175
25884,0.4747927031583256
25920,0.46124083383215797
25956,0.47442201524972916
25992,0.4658254517449273
26028,0.4745607202251752
26064,0.49266019877460265
26100,0.4634218571914567
26136,0.4623624276783731
26172,0.4769916335741679
26208,0.4545299220416281
26244,0.4706953052017424
26280,0.44545046654012466
26316,0.45647722151544357
26352,0.4748290677865346
26388,0.4538086760375235
26424,0.4704104976521598
26460,0.4497053995728493
26496,0.48400937269131344
26532,0.45564266045888263
26568,0.46279680397775436
26604,0.4697509838475121
26640,0.46214383012718624
26676,0.45887179838286507
26712,0.4629577406578594
26748,0.46116603248649174
26784,0.4490932441420025
26820,0.4613918628957536
26856,0.4787834758559863
26892,0.4626474637124274
26928,0.4580727881855435
26964,0.45963259869151646
27000,0.4399506722887357
27036,0.46629482838842606
27072,0.46408834639522767
27108,0.46026725239223903
27144,0.4635021686553955
27180,0.47807059519820744
27216,0.4513105120923784
27252,0.4792870291405254
27288,0.46179666742682457
27324,0.44983641389343476
27360,0.48177938246064717
27396,0.46320443683200413
27432,0.4653279491596752
27468,0.4479082657231225
27504,0.4655540668302112
27540,0.47414318637715447
27576,0.45037135978539783
27612,0.44309768287671936
27648,0.4453352681464619
27684,0.4634096316165394
27720,0.45128951883978313
27756,0.43152933691938716
27792,0.43989421013328767
27828,0.4673092762629191
27864,0.46028099871344036
27900,0.4644895518819491
27936,0.4617467721303304
27972,0.43595194940765697
28008,0.44186771909395856
28044,0.46326228479544324
28080,0.45263463051782715
28116,0.4721779036853049
28152,0.4583642433087031
28188,0.45314062883456546
28224,0.46189260482788086
28260,0.44401105327738655
28296,0.45711732904116315
28332,0.4403654100994269
28368,0.4674092514647378
28404,0.44057212356064057
28440,0.43883535597059464
28476,0.4568162121706539
28512,0.4392802425556713
28548,0.43266898807552123
28584,0.447903579307927
28620,0.4694770218597518
28656,0.4533327594399452
28692,0.4538892250921991
28728,0.45873629136217964
28764,0.4364105156726307
28800,0.45984308587180245
28836,0.44329170303212273
28872,0.44927216072877246
28908,0.46197888917393154
28944,0.4449727179275619
28980,0.4421204485827022
29016,0.4428894387351142
29052,0.44538985648088986
29088,0.4612220235996776
29124,0.4651188279191653
29160,0.45834678659836453
29196,0.4663699169953664
29232,0.45614593972762424
29268,0.4557747600807084
29304,0.43465272668335175
29340,0.43858495271868175
29376,0.46798113567961586
29412,0.4787024176783032
29448,0.46279077811373603
29484,0.4550037590993775
29520,0.453533040980498
29556,0.47176193445920944
29592,0.4503576440943612
29628,0.44983767138587105
29664,0.4573521473341518
29700,0.4413822976251443
29736,0.4488457399937842
29772,0.4507712572813034
29808,0.46290886567698586
29844,0.46535371906227535
29880,0.47264664123455685
